ID,Status,Priority,Phase,Title,Description,Files,Dependencies,Acceptance Criteria,Notes
A1,Done,High,Scaffold,Init Bun workspace scaffold,"package.json (deps: hono, handlebars→mustache.js, linkedom; devDeps: wrangler, @cloudflare/workers-types, @types/bun), tsconfig.json (editor support only), .gitignore, bun install + commit bun.lock",website/package.json; website/tsconfig.json; website/.gitignore; website/bun.lock,,bun install resolves lockfile; no npm/npx anywhere,Bun is the toolchain; production runtime is workerd via wrangler
A2,Done,High,Scaffold,Create site config,"site.config.json: url compressy.app, brand name/tagline, version 1.4.2, downloads.assetsBase https://assets.compressy.app with {version}/Compressy-setup.exe pattern, nav links, SEO defaults; typed src/config.ts export + downloadUrl()",website/src/site.config.json; website/src/config.ts,A1,Config parses as JSON; types imported by worker + tests,"Single source of truth — version bumps propagate to CTAs, JSON-LD, /download redirect"
A3,Done,Medium,Scaffold,Vendor client assets,Download htmx 2.0.10 + Alpine 3.16.2 minified into public/vendor (self-hosted); copy design/app.ico → public/favicon.ico and design/icon.png → public/icon.png,website/public/vendor/htmx.min.js; website/public/vendor/alpine.min.js; website/public/favicon.ico; website/public/icon.png,A1,Files present at pinned versions,Matches desktop-app vendoring approach
A4,Done,High,Scaffold,Port design tokens CSS,Port :root tokens verbatim from design/landing.html plus reset/base layer (bare-tag typography inside .section/.container) and responsive breakpoints 1080/860/560 + reduced-motion guard,website/public/css/site.css; design/landing.html,A1,Token sets verified identical to landing.html :root block,Moved from src/css/ to public/css/ during A6 rework so the free asset path serves it
A5,Done,High,Scaffold,Hono worker + wrangler wiring,"Minimal Hono app (headers, /healthz, /download redirect, notFound stub) + wrangler.jsonc; smoke test under bunx wrangler dev",website/wrangler.jsonc; website/worker/index.ts,A2,wrangler dev boots; assets served; /healthz ok; unmatched path reaches worker; /download 302s to R2 URL,Smoke passed 2026-08-23; superseded by A6 routing rework
A6,Done,High,Scaffold,Rework scaffold for on-the-fly model,"wrangler.jsonc → assets directory ./public with html_handling none, not_found_handling none, run_worker_first [/, /404.html, /*.html]; add kv_namespaces CACHE binding (placeholder id, local sim in dev); Text rules scoped to src/**/*.html so public pages can never bundle; move site.css → public/css/; delete build stub; package.json scripts reduced to dev/test/deploy",website/wrangler.jsonc; website/package.json; website/public/css/site.css,A4; A5,wrangler dev serves css/vendor/favicon from free asset path; / hits worker; raw pages never served unexpanded,Implements decision: on-the-fly expansion + KV cache; pages live at public/{slug}.html
B1,Done,High,Framework core,Element registry (mustache),"registry.ts imports element/layout vanilla .html templates as text modules via wrangler Text rules; ElementDef { templateName, mapper(api), collect? }; ElementApi = attrs()/slot()/child()/outer()/text(); mustache.js renderer (zero deps, no eval — workers-safe by construction)",website/src/elements/registry.ts,A6,Registry loads partial set under Bun and wrangler without error,Templates must not be publicly fetchable — bundling keeps them out of assets
B2,Done,High,Framework core,Pure expander function,"src/expander.ts expandPage(source, ctx, registry) returns body/meta/collected; linkedom parseHTML (full-doc normalization for bare fragments); deepest-first e-* expansion via outerHTML replacement; slot= overrides; nesting supported; unknown tags left untouched as visible signal; zero I/O",website/src/expander.ts,B1,Fixture page with nested e-* expands fully; zero unexpanded tags in output body,Deepest-first so slotted children resolve before parents render
B3,Done,High,Framework core,Meta resolution + layout render,meta.ts extractMeta/resolveMeta with precedence page > config > derived; layouts/base.html shell with meta/canonical/OG/Twitter/nav/footer; trusted URL fields use triple-stache because mustache default escaping entity-encodes slashes (regression-tested),website/src/meta.ts; website/src/layouts/base.html,B2,Rendered output has complete head; OG defaults injected when not overridden,Authored head stripped after extraction
B4,Done,High,Framework core,Worker routes,"worker/app.ts createApp({defs?, partials?, layout?}): / expands index.html; /{slug}[/] expands public/{slug}.html via ASSETS binding fetch; *.html probes 301 to clean URLs; sitemap.xml + robots.txt generated from manifest slugs; /download 302; /healthz; fallback expands 404.html with status 404; security headers on all worker responses",website/worker/app.ts; website/worker/index.ts; website/src/manifest.ts,B2; B3,Every route behaves per plan section 6 table; unknown slug renders expanded 404,manifest.ts lists slugs; sync-tested against public/*.html
B5,Done,High,Framework core,KV cache layer,rev = sha256(config + REGISTRY_VERSION + layout + all partial sources) memoized per isolate; key {rev}:{slug}:{sha256(source)} scopes invalidation per page edit; miss path responds then waitUntil(CACHE.put ttl 30d); Cache-Control public max-age=300 on HTML responses,website/worker/app.ts,B4,Second identical request served from KV without re-expansion (route test asserts puts==1 gets==2),Cold-miss races do redundant idempotent work — no locks by design
B6,Done,High,Framework core,Test suite green,"bun test 19/19 green: expander fixtures (nesting/slots/collect/unknown-tag/head-extraction), meta precedence, JSON-LD shapes, route integration via hono/testing app.request with mock ASSETS/KV against the REAL production layout, manifest-public sync, raw-leak guard (/index.html never raw), URL-escape regression guard (no &#x2F; in output)",website/test/expand.test.ts; website/test/routes.test.ts; website/test/text-preload.ts,B2; B3; B4; B5,bun test exits 0; every fixture element exercised through full pipeline,Tests gate Phase C porting
B7,Done,Medium,Framework core,Single Alpine entry,public/js/app.js registers every interactive component via alpine:init (nav toggle + download toast shipped; more land with each Phase C/D element); loaded before vendored alpine.min.js so both defer in document order; elements opt in via x-data attribute,website/public/js/app.js,B3,wrangler dev serves /js/app.js from free asset path; layout wires it before alpine.min.js,One file = one place to audit client behavior
C1,Done,High,Element library,Atoms: button/pill/card,"e-button (primary|ghost × sm), e-pill (default|success), e-card (svg icon via outer() + h3 + p slots) — vanilla .html partials + mappers + CSS blocks reusing design classnames (.btn .pill .card)",website/src/elements/pill.html; website/src/elements/button.html; website/src/elements/card.html; website/public/css/site.css,A4; B1,Fixtures expand to markup matching both design files' atom styles,Design-native classnames reused for fidelity
C2,Done,High,Element library,Hero + app mock,e-hero (attrs pill/title; slots lead/actions/proof) + e-mock (app mock chrome; rows via mock-row children) — convert gallery inline styles to real CSS,website/src/elements/hero.html; website/src/elements/mock.html; website/public/css/site.css,A4; B1,Hero + mock match landing.html hero pixel-close at 1440px,Mock is bespoke partial; demo wrappers stripped
C3,Done,High,Element library,Cards grids + bento,"e-cards variant icons|rules|rows with cols attr (features 01–03, grids-01) + e-bento with span attrs on cells (grids-03, features-03) — partials + mappers + CSS incl responsive collapse",website/src/elements/cards.html; website/src/elements/bento.html; website/public/css/site.css,A4; B1,All variants render per galleries; 4→2→1 responsive collapse intact,Children: repeated e-card or li items
C4,Done,High,Element library,Stats + steps,"e-stats variant rules|strip|bento|row (stats 01–04, grids-02) + e-steps variant horizontal|timeline|numbered|icons (process 01–04) with HowTo collect() harvesting step titles/bodies",website/src/elements/stats.html; website/src/elements/steps.html; website/public/css/site.css,A4; B1,Variants render per galleries; e-steps emits HowTo structured data,tabular-nums preserved on stat values
C5,Done,Medium,Element library,Points + logos,e-points variant checks|cols|numbered|dots (points 01–04) + e-logos variant bar|grid|pills|cluster (logos 01–04) — partials + mappers + CSS,website/src/elements/points.html; website/src/elements/logos.html; website/public/css/site.css,A4; B1,All variants render per galleries,li children → items; svg children → logos
C6,Done,High,Element library,FAQ element,e-faq variant accordion|cards|list|compact (faqs 01–04); accordion = native details/summary (JS-free); FAQPage collect() harvests Q/A from details children,website/src/elements/faq.html; website/public/css/site.css,A4; B1,Accordion works without JS; FAQPage JSON-LD matches rendered Q/A pairs,Same data drives all four variants
C7,Done,Medium,Element library,Table element,"e-table variant savings|matrix|changelog|pricing (table 01–04); authors write semantic tables, mapper adds wrapper chrome",website/src/elements/table.html; website/public/css/site.css,A4; B1,Four variants render per gallery; mono numerals preserved,Changelog variant reused by downloads page next pass
C8,Done,High,Element library,CTA element,e-cta variant band|split|inline|cards (call-to-actions 01–04); attrs title/sub; slot actions resolving download URLs from site config via ExpandCtx; download CTAs get x-data=download toast behavior,website/src/elements/cta.html; website/public/css/site.css,A4; B1; D4,Variants render per gallery; download hrefs use R2 asset URL pattern,CTA band powers landing final section
C9,Done,Low,Element library,Content editorial element,e-content variant editorial (content-01 long-form guide): prose container with eyebrow/head structure; docs/explainer/kb variants deferred,website/src/elements/content.html; website/public/css/site.css,A4; B1,Editorial variant renders per content-01,Editorial variant live; docs/explainer/kb deferred to later pass
C10,Done,Medium,Element library,Authoring contract README,"Document the framework contract: tag-mapping defaults per element, slot= override rule, nesting semantics, x-data Alpine component list, variant attribute reference table with example snippet per v1 element",website/src/elements/README.md,C1; C9,Every v1 element documented with example snippet,Contract for future keyword-page authors
C11,Done,High,Element library,Classless extraction pass,"Extract remaining hand-rolled markup from public/index.html into elements: e-section (id/warm/eyebrow/title/lead + body), e-formats+e-format, e-quality, e-example, e-note; e-hero consumes e-proof children (auto dot separators); e-bento consumes structured e-cell (eyebrow/chip); ElementApi.render() for internal partials (e-bento-cell); steps footnote attr used; classless-guard test asserts zero class=/style= across published pages; REGISTRY_VERSION bumped to 3. Refinement: e-formats folded into e-card type=format (badge-card variant); e-quality renamed to generic e-progress-line",website/src/elements/e-section.html; website/src/elements/e-progress-line.html; website/src/elements/e-example.html; website/src/elements/e-note.html; website/src/elements/index.ts; website/public/index.html,B6,bun test green incl. classless-guard; public/index.html contains no class= or style=,Landing page now fully declarative — template for future keyword pages
D1,Done,High,Landing page,Rebuild landing page,"Author public/index.html section-for-section from design/landing.html using elements: hero+mock, offline e-cards icons, workflow e-steps horizontal, formats cards + quality row, principles splits, stay-out e-split narrow, final e-cta band",website/public/index.html; design/landing.html,C2; C3; C4; C6; C8,curl / returns every landing.html section expanded; zero unexpanded tags; classless authoring throughout,Section anchors #offline #workflow #formats preserved for nav links
D2,Done,High,Landing page,Nav + footer layout fidelity,"layouts/base.html nav/footer matching landing.html exactly: brand mark C, section links, Download CTA button, footer brand/links row; mobile toggle wired to Alpine nav component",website/src/layouts/base.html,A3; B7,Nav/footer visually identical to design; toggle works via Alpine only,Progressive enhancement — nav functional without JS
D3,Done,High,Landing page,JSON-LD emission wiring,"Verify structured-data emission end-to-end on landing: SoftwareApplication + WebSite from config, FAQPage when faq present, breadcrumb plumbing; validate all ld+json blocks parse",website/src/jsonld.ts,D1,ld+json valid JSON; SoftwareApplication reflects name/OS/free price,Auto-derived during expansion — no manual JSON authoring
D4,Done,High,Landing page,Download link resolution,All CTAs resolve to https://assets.compressy.app/{version}/Compressy-setup.exe via ExpandCtx at expansion time; Hono GET /download 302 uses same config value,website/src/expander.ts; website/worker/app.ts,A2; C8,"Landing CTAs point to /download (config-driven, survives KV cache across version bumps); curl /download 302s to versioned R2 URL",Amended: /download indirection chosen over baked R2 URLs — cached pages stay valid across version bumps since redirect resolves config at request time
E1,Todo,High,Verify,Runtime completeness check,bunx wrangler dev: curl / shows expanded HTML with zero <e- tags; /index.html returns expanded output (raw-leak guard); /css/site.css /vendor/htmx.min.js /js/app.js /favicon.ico served from free asset path; sitemap.xml lists exactly public/*.html slugs; each resolves 200,website/public/,B6; D1,All checks pass,Automatable portion lives in bun test where cheap
E2,Todo,High,Verify,KV cache verification,First request to / expands; second identical request byte-identical and served from cache; entry visible in wrangler-dev KV inspector keyed {rev}:{slug}:{hash}; editing a page source invalidates only that page's entries,website/worker/app.ts,B5,Cache hit path confirmed; invalidation scoped per-page,Response timing or inspector both acceptable evidence
E3,Todo,High,Verify,Visual parity pass,Side-by-side vs design/landing.html at 1440/1024/390 widths; fix drift in element CSS (gallery inline styles are usual source),website/public/css/site.css,E1,No visible divergence at three breakpoints,Compare per section; tokens already verbatim
E4,Todo,Medium,Verify,Enhancement + a11y check,Content complete with JS disabled; details accordion keyboard-operable; focus-visible rings intact; reduced-motion honored,website/public/,E1,View-source completeness confirmed; tab-through FAQ works; motion disabled under preference,Classless goal means crawlers see everything raw-expanded
E5,Todo,Low,Verify,Deploy runbook note,"Append deploy runbook (NOT executed): bunx wrangler deploy steps + CF account wiring (create real KV namespace + paste id into wrangler.jsonc, routes, R2 assets.compressy.app CORS for exe downloads)",plan/website-implementation.md,E1; E4,Runbook section appended; no deploy performed,Deploy explicitly out of scope per user decision
F1,Done,High,Downloads page,Releases data file,"public/data/releases.json with all 7 releases from design/downloads.html (v1.4.0 to v1.0.0): version/versionTag/date/kind/latest/notes{added,improved,fixed}/tags/assets[name,type,sizeLabel,sha256,shaShort,url] - R2 URLs per assets.compressy.app/{dashed-version}/ naming",website/public/data/releases.json,,JSON parses; shapes match e-releases mapper contract,Single source for downloads page + /download redirect
F2,Done,High,Downloads page,Data pipeline into expansion,site.config gains data:[releases]; worker preloads each /data/{name}.json via ASSETS binding once per isolate (memoized promise) and passes parsed map through ExpandContext.data so mappers read api.ctx.data.releases synchronously,website/src/site.config.json; website/worker/app.ts; website/src/expander.ts,A6; B2,downloads expansion sees parsed releases array; missing file degrades to empty array,Bun tests inject ctx.data directly
F3,Done,High,Downloads page,e-releases element,"Renders full release list from ctx.data.releases: first item featured unless latest=false (accent ring + Latest/Stable pills + warm head), rest compact; notes grouped Added/Improved/Fixed; assets with icon/name/size/type/SHA-short/direct R2 download link/copy-sha; foot with tag + compare-to-previous; data-tags for filtering",website/src/elements/e-releases.html; website/src/elements/index.ts; website/public/css/site.css,F1; F2,Fixture with 2 releases renders featured+compact per design classes,SVG asset icons embedded as trusted strings from mapper
F4,Done,High,Downloads page,e-release-hero element,Downloads hero: eyebrow/title attrs + lead slot; latest version drives primary button label (Download vX for Windows) and meta row (vX - date / Win10-11 64-bit / Signed-Offline); right jump-card: N releases counter + version pill links (limit attr) + Latest pill + SHA/system-requirements note,website/src/elements/e-release-hero.html; website/src/elements/index.ts; website/public/css/site.css,F2; F3,Hero renders latest-driven labels and jump pills per design,Ties hero content to releases data - no hardcoded versions
F5,Done,High,Downloads page,Downloads page + routing,"Author public/downloads.html fully classless (release-hero, filter, e-releases, system requirements via e-bento/e-cell + e-points checks, cta band); add downloads slug to manifest + site.nav Downloads entry (/downloads/); layout computes active nav flag (is-active + aria-current)",website/public/downloads.html; website/src/manifest.ts; website/src/site.config.json; website/src/layouts/base.html; website/worker/app.ts,F3; F4,curl /downloads/ renders releases; sitemap includes it; nav shows active state,Classless guard test extends coverage automatically
F6,Done,High,Downloads page,Data-driven /download redirect,Worker GET /download resolves latest release installer url from releases.json (falls back to legacy config exePattern when data missing); index.html CTAs unchanged (still /download indirection),website/worker/app.ts; website/public/data/releases.json,F1; F2,curl /download 302s to https://assets.compressy.app/1-4-0/Compressy-Setup-1.4.0.exe,Fixes stale hardcoded exePattern mismatch with real asset naming
F7,Done,Medium,Downloads page,Release filter UI,e-release-filter element (search input + All/Added/Improved/Fixed chips); vanilla delegated handlers in public/js/app.js: text search across release articles AND tag chips filter by data-tags (AND-combined); chip is-on exclusive styling,website/src/elements/e-release-filter.html; website/public/js/app.js; website/public/css/site.css,F3,Typing in search narrows visible releases; clicking Improved shows only tagged ones,No Alpine dependency - same delegation pattern as download toast
F8,Done,High,Downloads page,Tests + cache bump,"Fixtures: e-releases (featured/compact/notes-groups/assets/foot), e-release-hero latest labels, filter element; manifest sync now includes downloads; REGISTRY_VERSION bump (mapper changes); bun test green; wrangler smoke: /downloads/ renders 7 releases, /download redirect updated",website/test/elements.test.ts; website/src/elements/registry.ts,F3; F4; F5; F6; F7,bun test green; live smoke passes,Closes downloads-page scope
G02,Done,High,SEO Pages,SEO page: /compress-image,"/compress-image — Compress Image Online. Build classless page using website/src/elements/ (no class=/style= in authored HTML); use e-hero, e-cards, e-stats, e-steps, e-faq, e-table, e-cta, e-content, e-section etc. as needed; unique copy per intent; tool/workflow near top where relevant.",website/public/compress-image.html; website/src/manifest.ts,B6; C11,"Page authored classless (zero class=/style=, verified by classless-guard test); expands via worker with zero <e- tags; sitemap includes URL; internal links to related convert/resize/guides/windows per internal-linking strategy; title/description unique and user-written","All pages must be built classless using our website/src/elements/ — structure via <e-*> elements, styling in public/css/site.css, no inline styles. Follow plan/website-pages.md SEO rules: one intent per URL, distinct copy, no thin keyword-swapped templates."
G03,Done,High,SEO Pages,SEO page: /compress-jpg,"/compress-jpg — Compress JPG Images. Build classless page using website/src/elements/ (no class=/style= in authored HTML); use e-hero, e-cards, e-stats, e-steps, e-faq, e-table, e-cta, e-content, e-section etc. as needed; unique copy per intent; tool/workflow near top where relevant.",website/public/compress-jpg.html; website/src/manifest.ts,B6; C11,"Page authored classless (zero class=/style=, verified by classless-guard test); expands via worker with zero <e- tags; sitemap includes URL; internal links to related convert/resize/guides/windows per internal-linking strategy; title/description unique and user-written","All pages must be built classless using our website/src/elements/ — structure via <e-*> elements, styling in public/css/site.css, no inline styles. Follow plan/website-pages.md SEO rules: one intent per URL, distinct copy, no thin keyword-swapped templates."
G04,Done,High,SEO Pages,SEO page: /compress-jpeg,"/compress-jpeg — Compress JPEG Images. Build classless page using website/src/elements/ (no class=/style= in authored HTML); use e-hero, e-cards, e-stats, e-steps, e-faq, e-table, e-cta, e-content, e-section etc. as needed; unique copy per intent; tool/workflow near top where relevant.",website/public/compress-jpeg.html; website/src/manifest.ts,B6; C11,"Page authored classless (zero class=/style=, verified by classless-guard test); expands via worker with zero <e- tags; sitemap includes URL; internal links to related convert/resize/guides/windows per internal-linking strategy; title/description unique and user-written","All pages must be built classless using our website/src/elements/ — structure via <e-*> elements, styling in public/css/site.css, no inline styles. Follow plan/website-pages.md SEO rules: one intent per URL, distinct copy, no thin keyword-swapped templates."
G05,Done,High,SEO Pages,SEO page: /compress-png,"/compress-png — Compress PNG Images. Build classless page using website/src/elements/ (no class=/style= in authored HTML); use e-hero, e-cards, e-stats, e-steps, e-faq, e-table, e-cta, e-content, e-section etc. as needed; unique copy per intent; tool/workflow near top where relevant.",website/public/compress-png.html; website/src/manifest.ts,B6; C11,"Page authored classless (zero class=/style=, verified by classless-guard test); expands via worker with zero <e- tags; sitemap includes URL; internal links to related convert/resize/guides/windows per internal-linking strategy; title/description unique and user-written","All pages must be built classless using our website/src/elements/ — structure via <e-*> elements, styling in public/css/site.css, no inline styles. Follow plan/website-pages.md SEO rules: one intent per URL, distinct copy, no thin keyword-swapped templates."
G06,Done,High,SEO Pages,SEO page: /compress-webp,"/compress-webp — Compress WebP Images. Build classless page using website/src/elements/ (no class=/style= in authored HTML); use e-hero, e-cards, e-stats, e-steps, e-faq, e-table, e-cta, e-content, e-section etc. as needed; unique copy per intent; tool/workflow near top where relevant.",website/public/compress-webp.html; website/src/manifest.ts,B6; C11,"Page authored classless (zero class=/style=, verified by classless-guard test); expands via worker with zero <e- tags; sitemap includes URL; internal links to related convert/resize/guides/windows per internal-linking strategy; title/description unique and user-written","All pages must be built classless using our website/src/elements/ — structure via <e-*> elements, styling in public/css/site.css, no inline styles. Follow plan/website-pages.md SEO rules: one intent per URL, distinct copy, no thin keyword-swapped templates."
G07,Done,High,SEO Pages,SEO page: /compress-avif,"/compress-avif — Compress AVIF Images. Build classless page using website/src/elements/ (no class=/style= in authored HTML); use e-hero, e-cards, e-stats, e-steps, e-faq, e-table, e-cta, e-content, e-section etc. as needed; unique copy per intent; tool/workflow near top where relevant.",website/public/compress-avif.html; website/src/manifest.ts,B6; C11,"Page authored classless (zero class=/style=, verified by classless-guard test); expands via worker with zero <e- tags; sitemap includes URL; internal links to related convert/resize/guides/windows per internal-linking strategy; title/description unique and user-written","All pages must be built classless using our website/src/elements/ — structure via <e-*> elements, styling in public/css/site.css, no inline styles. Follow plan/website-pages.md SEO rules: one intent per URL, distinct copy, no thin keyword-swapped templates."
G08,Done,High,SEO Pages,SEO page: /reduce-image-size,"/reduce-image-size — Reduce Image File Size. Build classless page using website/src/elements/ (no class=/style= in authored HTML); use e-hero, e-cards, e-stats, e-steps, e-faq, e-table, e-cta, e-content, e-section etc. as needed; unique copy per intent; tool/workflow near top where relevant.",website/public/reduce-image-size.html; website/src/manifest.ts,B6; C11,"Page authored classless (zero class=/style=, verified by classless-guard test); expands via worker with zero <e- tags; sitemap includes URL; internal links to related convert/resize/guides/windows per internal-linking strategy; title/description unique and user-written","All pages must be built classless using our website/src/elements/ — structure via <e-*> elements, styling in public/css/site.css, no inline styles. Follow plan/website-pages.md SEO rules: one intent per URL, distinct copy, no thin keyword-swapped templates."
G09,Done,High,SEO Pages,SEO page: /image-optimizer,"/image-optimizer — Image Optimizer. Build classless page using website/src/elements/ (no class=/style= in authored HTML); use e-hero, e-cards, e-stats, e-steps, e-faq, e-table, e-cta, e-content, e-section etc. as needed; unique copy per intent; tool/workflow near top where relevant.",website/public/image-optimizer.html; website/src/manifest.ts,B6; C11,"Page authored classless (zero class=/style=, verified by classless-guard test); expands via worker with zero <e- tags; sitemap includes URL; internal links to related convert/resize/guides/windows per internal-linking strategy; title/description unique and user-written","All pages must be built classless using our website/src/elements/ — structure via <e-*> elements, styling in public/css/site.css, no inline styles. Follow plan/website-pages.md SEO rules: one intent per URL, distinct copy, no thin keyword-swapped templates."
G10,Done,High,SEO Pages,SEO page: /photo-compressor,"/photo-compressor — Photo Compressor. Build classless page using website/src/elements/ (no class=/style= in authored HTML); use e-hero, e-cards, e-stats, e-steps, e-faq, e-table, e-cta, e-content, e-section etc. as needed; unique copy per intent; tool/workflow near top where relevant.",website/public/photo-compressor.html; website/src/manifest.ts,B6; C11,"Page authored classless (zero class=/style=, verified by classless-guard test); expands via worker with zero <e- tags; sitemap includes URL; internal links to related convert/resize/guides/windows per internal-linking strategy; title/description unique and user-written","All pages must be built classless using our website/src/elements/ — structure via <e-*> elements, styling in public/css/site.css, no inline styles. Follow plan/website-pages.md SEO rules: one intent per URL, distinct copy, no thin keyword-swapped templates."
G11,Done,High,SEO Pages,SEO page: /compress-image-to-50kb,"/compress-image-to-50kb — Compress Image to 50KB — target size. Build classless page using website/src/elements/ (no class=/style= in authored HTML); use e-hero, e-cards, e-stats, e-steps, e-faq, e-table, e-cta, e-content, e-section etc. as needed; unique copy per intent; tool/workflow near top where relevant.",website/public/compress-image-to-50kb.html; website/src/manifest.ts,B6; C11,"Page authored classless (zero class=/style=, verified by classless-guard test); expands via worker with zero <e- tags; sitemap includes URL; internal links to related convert/resize/guides/windows per internal-linking strategy; title/description unique and user-written","All pages must be built classless using our website/src/elements/ — structure via <e-*> elements, styling in public/css/site.css, no inline styles. Follow plan/website-pages.md SEO rules: one intent per URL, distinct copy, no thin keyword-swapped templates."
G12,Done,High,SEO Pages,SEO page: /compress-image-to-100kb,"/compress-image-to-100kb — Compress Image to 100KB — target size. Build classless page using website/src/elements/ (no class=/style= in authored HTML); use e-hero, e-cards, e-stats, e-steps, e-faq, e-table, e-cta, e-content, e-section etc. as needed; unique copy per intent; tool/workflow near top where relevant.",website/public/compress-image-to-100kb.html; website/src/manifest.ts,B6; C11,"Page authored classless (zero class=/style=, verified by classless-guard test); expands via worker with zero <e- tags; sitemap includes URL; internal links to related convert/resize/guides/windows per internal-linking strategy; title/description unique and user-written","All pages must be built classless using our website/src/elements/ — structure via <e-*> elements, styling in public/css/site.css, no inline styles. Follow plan/website-pages.md SEO rules: one intent per URL, distinct copy, no thin keyword-swapped templates."
G13,Done,High,SEO Pages,SEO page: /compress-image-to-200kb,"/compress-image-to-200kb — Compress Image to 200KB — target size. Build classless page using website/src/elements/ (no class=/style= in authored HTML); use e-hero, e-cards, e-stats, e-steps, e-faq, e-table, e-cta, e-content, e-section etc. as needed; unique copy per intent; tool/workflow near top where relevant.",website/public/compress-image-to-200kb.html; website/src/manifest.ts,B6; C11,"Page authored classless (zero class=/style=, verified by classless-guard test); expands via worker with zero <e- tags; sitemap includes URL; internal links to related convert/resize/guides/windows per internal-linking strategy; title/description unique and user-written","All pages must be built classless using our website/src/elements/ — structure via <e-*> elements, styling in public/css/site.css, no inline styles. Follow plan/website-pages.md SEO rules: one intent per URL, distinct copy, no thin keyword-swapped templates."
G14,Done,High,SEO Pages,SEO page: /compress-image-to-500kb,"/compress-image-to-500kb — Compress Image to 500KB — target size. Build classless page using website/src/elements/ (no class=/style= in authored HTML); use e-hero, e-cards, e-stats, e-steps, e-faq, e-table, e-cta, e-content, e-section etc. as needed; unique copy per intent; tool/workflow near top where relevant.",website/public/compress-image-to-500kb.html; website/src/manifest.ts,B6; C11,"Page authored classless (zero class=/style=, verified by classless-guard test); expands via worker with zero <e- tags; sitemap includes URL; internal links to related convert/resize/guides/windows per internal-linking strategy; title/description unique and user-written","All pages must be built classless using our website/src/elements/ — structure via <e-*> elements, styling in public/css/site.css, no inline styles. Follow plan/website-pages.md SEO rules: one intent per URL, distinct copy, no thin keyword-swapped templates."
G15,Done,High,SEO Pages,SEO page: /compress-image-to-1mb,"/compress-image-to-1mb — Compress Image to 1MB — target size. Build classless page using website/src/elements/ (no class=/style= in authored HTML); use e-hero, e-cards, e-stats, e-steps, e-faq, e-table, e-cta, e-content, e-section etc. as needed; unique copy per intent; tool/workflow near top where relevant.",website/public/compress-image-to-1mb.html; website/src/manifest.ts,B6; C11,"Page authored classless (zero class=/style=, verified by classless-guard test); expands via worker with zero <e- tags; sitemap includes URL; internal links to related convert/resize/guides/windows per internal-linking strategy; title/description unique and user-written","All pages must be built classless using our website/src/elements/ — structure via <e-*> elements, styling in public/css/site.css, no inline styles. Follow plan/website-pages.md SEO rules: one intent per URL, distinct copy, no thin keyword-swapped templates."
G16,Done,High,SEO Pages,SEO page: /resize-image,"/resize-image — Resize Image. Build classless page using website/src/elements/ (no class=/style= in authored HTML); use e-hero, e-cards, e-stats, e-steps, e-faq, e-table, e-cta, e-content, e-section etc. as needed; unique copy per intent; tool/workflow near top where relevant.",website/public/resize-image.html; website/src/manifest.ts,B6; C11,"Page authored classless (zero class=/style=, verified by classless-guard test); expands via worker with zero <e- tags; sitemap includes URL; internal links to related convert/resize/guides/windows per internal-linking strategy; title/description unique and user-written","All pages must be built classless using our website/src/elements/ — structure via <e-*> elements, styling in public/css/site.css, no inline styles. Follow plan/website-pages.md SEO rules: one intent per URL, distinct copy, no thin keyword-swapped templates."
G17,Done,High,SEO Pages,SEO page: /jpg-to-webp,"/jpg-to-webp — JPG to WebP — format conversion. Build classless page using website/src/elements/ (no class=/style= in authored HTML); use e-hero, e-cards, e-stats, e-steps, e-faq, e-table, e-cta, e-content, e-section etc. as needed; unique copy per intent; tool/workflow near top where relevant.",website/public/jpg-to-webp.html; website/src/manifest.ts,B6; C11,"Page authored classless (zero class=/style=, verified by classless-guard test); expands via worker with zero <e- tags; sitemap includes URL; internal links to related convert/resize/guides/windows per internal-linking strategy; title/description unique and user-written","All pages must be built classless using our website/src/elements/ — structure via <e-*> elements, styling in public/css/site.css, no inline styles. Follow plan/website-pages.md SEO rules: one intent per URL, distinct copy, no thin keyword-swapped templates."
G18,Done,High,SEO Pages,SEO page: /png-to-webp,"/png-to-webp — PNG to WebP — format conversion. Build classless page using website/src/elements/ (no class=/style= in authored HTML); use e-hero, e-cards, e-stats, e-steps, e-faq, e-table, e-cta, e-content, e-section etc. as needed; unique copy per intent; tool/workflow near top where relevant.",website/public/png-to-webp.html; website/src/manifest.ts,B6; C11,"Page authored classless (zero class=/style=, verified by classless-guard test); expands via worker with zero <e- tags; sitemap includes URL; internal links to related convert/resize/guides/windows per internal-linking strategy; title/description unique and user-written","All pages must be built classless using our website/src/elements/ — structure via <e-*> elements, styling in public/css/site.css, no inline styles. Follow plan/website-pages.md SEO rules: one intent per URL, distinct copy, no thin keyword-swapped templates."
G19,Done,Medium,SEO Pages,SEO page: /jpeg-to-webp,"/jpeg-to-webp — JPEG to WebP — format conversion. Build classless page using website/src/elements/ (no class=/style= in authored HTML); use e-hero, e-cards, e-stats, e-steps, e-faq, e-table, e-cta, e-content, e-section etc. as needed; unique copy per intent; tool/workflow near top where relevant.",website/public/jpeg-to-webp.html; website/src/manifest.ts,B6; C11,"Page authored classless (zero class=/style=, verified by classless-guard test); expands via worker with zero <e- tags; sitemap includes URL; internal links to related convert/resize/guides/windows per internal-linking strategy; title/description unique and user-written","All pages must be built classless using our website/src/elements/ — structure via <e-*> elements, styling in public/css/site.css, no inline styles. Follow plan/website-pages.md SEO rules: one intent per URL, distinct copy, no thin keyword-swapped templates."
G20,Done,Medium,SEO Pages,SEO page: /jpg-to-avif,"/jpg-to-avif — JPG to AVIF — format conversion. Build classless page using website/src/elements/ (no class=/style= in authored HTML); use e-hero, e-cards, e-stats, e-steps, e-faq, e-table, e-cta, e-content, e-section etc. as needed; unique copy per intent; tool/workflow near top where relevant.",website/public/jpg-to-avif.html; website/src/manifest.ts,B6; C11,"Page authored classless (zero class=/style=, verified by classless-guard test); expands via worker with zero <e- tags; sitemap includes URL; internal links to related convert/resize/guides/windows per internal-linking strategy; title/description unique and user-written","All pages must be built classless using our website/src/elements/ — structure via <e-*> elements, styling in public/css/site.css, no inline styles. Follow plan/website-pages.md SEO rules: one intent per URL, distinct copy, no thin keyword-swapped templates."
G21,Done,Medium,SEO Pages,SEO page: /png-to-avif,"/png-to-avif — PNG to AVIF — format conversion. Build classless page using website/src/elements/ (no class=/style= in authored HTML); use e-hero, e-cards, e-stats, e-steps, e-faq, e-table, e-cta, e-content, e-section etc. as needed; unique copy per intent; tool/workflow near top where relevant.",website/public/png-to-avif.html; website/src/manifest.ts,B6; C11,"Page authored classless (zero class=/style=, verified by classless-guard test); expands via worker with zero <e- tags; sitemap includes URL; internal links to related convert/resize/guides/windows per internal-linking strategy; title/description unique and user-written","All pages must be built classless using our website/src/elements/ — structure via <e-*> elements, styling in public/css/site.css, no inline styles. Follow plan/website-pages.md SEO rules: one intent per URL, distinct copy, no thin keyword-swapped templates."
G22,Todo,Medium,SEO Pages,SEO page: /webp-to-avif,"/webp-to-avif — WebP to AVIF — format conversion. Build classless page using website/src/elements/ (no class=/style= in authored HTML); use e-hero, e-cards, e-stats, e-steps, e-faq, e-table, e-cta, e-content, e-section etc. as needed; unique copy per intent; tool/workflow near top where relevant.",website/public/webp-to-avif.html; website/src/manifest.ts,B6; C11,"Page authored classless (zero class=/style=, verified by classless-guard test); expands via worker with zero <e- tags; sitemap includes URL; internal links to related convert/resize/guides/windows per internal-linking strategy; title/description unique and user-written","All pages must be built classless using our website/src/elements/ — structure via <e-*> elements, styling in public/css/site.css, no inline styles. Follow plan/website-pages.md SEO rules: one intent per URL, distinct copy, no thin keyword-swapped templates."
G23,Done,High,SEO Pages,SEO page: /webp-to-jpg,"/webp-to-jpg — WebP to JPG — format conversion. Build classless page using website/src/elements/ (no class=/style= in authored HTML); use e-hero, e-cards, e-stats, e-steps, e-faq, e-table, e-cta, e-content, e-section etc. as needed; unique copy per intent; tool/workflow near top where relevant.",website/public/webp-to-jpg.html; website/src/manifest.ts,B6; C11,"Page authored classless (zero class=/style=, verified by classless-guard test); expands via worker with zero <e- tags; sitemap includes URL; internal links to related convert/resize/guides/windows per internal-linking strategy; title/description unique and user-written","All pages must be built classless using our website/src/elements/ — structure via <e-*> elements, styling in public/css/site.css, no inline styles. Follow plan/website-pages.md SEO rules: one intent per URL, distinct copy, no thin keyword-swapped templates."
G24,Todo,Medium,SEO Pages,SEO page: /webp-to-png,"/webp-to-png — WebP to PNG — format conversion. Build classless page using website/src/elements/ (no class=/style= in authored HTML); use e-hero, e-cards, e-stats, e-steps, e-faq, e-table, e-cta, e-content, e-section etc. as needed; unique copy per intent; tool/workflow near top where relevant.",website/public/webp-to-png.html; website/src/manifest.ts,B6; C11,"Page authored classless (zero class=/style=, verified by classless-guard test); expands via worker with zero <e- tags; sitemap includes URL; internal links to related convert/resize/guides/windows per internal-linking strategy; title/description unique and user-written","All pages must be built classless using our website/src/elements/ — structure via <e-*> elements, styling in public/css/site.css, no inline styles. Follow plan/website-pages.md SEO rules: one intent per URL, distinct copy, no thin keyword-swapped templates."
G25,Todo,Medium,SEO Pages,SEO page: /avif-to-webp,"/avif-to-webp — AVIF to WebP — format conversion. Build classless page using website/src/elements/ (no class=/style= in authored HTML); use e-hero, e-cards, e-stats, e-steps, e-faq, e-table, e-cta, e-content, e-section etc. as needed; unique copy per intent; tool/workflow near top where relevant.",website/public/avif-to-webp.html; website/src/manifest.ts,B6; C11,"Page authored classless (zero class=/style=, verified by classless-guard test); expands via worker with zero <e- tags; sitemap includes URL; internal links to related convert/resize/guides/windows per internal-linking strategy; title/description unique and user-written","All pages must be built classless using our website/src/elements/ — structure via <e-*> elements, styling in public/css/site.css, no inline styles. Follow plan/website-pages.md SEO rules: one intent per URL, distinct copy, no thin keyword-swapped templates."
G26,Done,High,SEO Pages,SEO page: /compress-images-without-losing-quality,"/compress-images-without-losing-quality — Compress Images Without Losing Quality — quality intent. Build classless page using website/src/elements/ (no class=/style= in authored HTML); use e-hero, e-cards, e-stats, e-steps, e-faq, e-table, e-cta, e-content, e-section etc. as needed; unique copy per intent; tool/workflow near top where relevant.",website/public/compress-images-without-losing-quality.html; website/src/manifest.ts,B6; C11,"Page authored classless (zero class=/style=, verified by classless-guard test); expands via worker with zero <e- tags; sitemap includes URL; internal links to related convert/resize/guides/windows per internal-linking strategy; title/description unique and user-written","All pages must be built classless using our website/src/elements/ — structure via <e-*> elements, styling in public/css/site.css, no inline styles. Follow plan/website-pages.md SEO rules: one intent per URL, distinct copy, no thin keyword-swapped templates."
G27,Todo,Medium,SEO Pages,SEO page: /compress-images-in-bulk,"/compress-images-in-bulk — Compress Images in Bulk — bulk intent. Build classless page using website/src/elements/ (no class=/style= in authored HTML); use e-hero, e-cards, e-stats, e-steps, e-faq, e-table, e-cta, e-content, e-section etc. as needed; unique copy per intent; tool/workflow near top where relevant.",website/public/compress-images-in-bulk.html; website/src/manifest.ts,B6; C11,"Page authored classless (zero class=/style=, verified by classless-guard test); expands via worker with zero <e- tags; sitemap includes URL; internal links to related convert/resize/guides/windows per internal-linking strategy; title/description unique and user-written","All pages must be built classless using our website/src/elements/ — structure via <e-*> elements, styling in public/css/site.css, no inline styles. Follow plan/website-pages.md SEO rules: one intent per URL, distinct copy, no thin keyword-swapped templates."
G28,Todo,Medium,SEO Pages,SEO page: /batch-image-compressor,"/batch-image-compressor — Batch Image Compressor — batch intent. Build classless page using website/src/elements/ (no class=/style= in authored HTML); use e-hero, e-cards, e-stats, e-steps, e-faq, e-table, e-cta, e-content, e-section etc. as needed; unique copy per intent; tool/workflow near top where relevant.",website/public/batch-image-compressor.html; website/src/manifest.ts,B6; C11,"Page authored classless (zero class=/style=, verified by classless-guard test); expands via worker with zero <e- tags; sitemap includes URL; internal links to related convert/resize/guides/windows per internal-linking strategy; title/description unique and user-written","All pages must be built classless using our website/src/elements/ — structure via <e-*> elements, styling in public/css/site.css, no inline styles. Follow plan/website-pages.md SEO rules: one intent per URL, distinct copy, no thin keyword-swapped templates."
G29,Todo,Medium,SEO Pages,SEO page: /bulk-image-compressor,"/bulk-image-compressor — Bulk Image Compressor — bulk intent. Build classless page using website/src/elements/ (no class=/style= in authored HTML); use e-hero, e-cards, e-stats, e-steps, e-faq, e-table, e-cta, e-content, e-section etc. as needed; unique copy per intent; tool/workflow near top where relevant.",website/public/bulk-image-compressor.html; website/src/manifest.ts,B6; C11,"Page authored classless (zero class=/style=, verified by classless-guard test); expands via worker with zero <e- tags; sitemap includes URL; internal links to related convert/resize/guides/windows per internal-linking strategy; title/description unique and user-written","All pages must be built classless using our website/src/elements/ — structure via <e-*> elements, styling in public/css/site.css, no inline styles. Follow plan/website-pages.md SEO rules: one intent per URL, distinct copy, no thin keyword-swapped templates."
G30,Todo,Medium,SEO Pages,SEO page: /compress-multiple-images,"/compress-multiple-images — Compress Multiple Images — multi intent. Build classless page using website/src/elements/ (no class=/style= in authored HTML); use e-hero, e-cards, e-stats, e-steps, e-faq, e-table, e-cta, e-content, e-section etc. as needed; unique copy per intent; tool/workflow near top where relevant.",website/public/compress-multiple-images.html; website/src/manifest.ts,B6; C11,"Page authored classless (zero class=/style=, verified by classless-guard test); expands via worker with zero <e- tags; sitemap includes URL; internal links to related convert/resize/guides/windows per internal-linking strategy; title/description unique and user-written","All pages must be built classless using our website/src/elements/ — structure via <e-*> elements, styling in public/css/site.css, no inline styles. Follow plan/website-pages.md SEO rules: one intent per URL, distinct copy, no thin keyword-swapped templates."
G31,Done,High,SEO Pages,SEO page: /compress-images-for-websites,"/compress-images-for-websites — Compress Images for Websites — platform. Build classless page using website/src/elements/ (no class=/style= in authored HTML); use e-hero, e-cards, e-stats, e-steps, e-faq, e-table, e-cta, e-content, e-section etc. as needed; unique copy per intent; tool/workflow near top where relevant.",website/public/compress-images-for-websites.html; website/src/manifest.ts,B6; C11,"Page authored classless (zero class=/style=, verified by classless-guard test); expands via worker with zero <e- tags; sitemap includes URL; internal links to related convert/resize/guides/windows per internal-linking strategy; title/description unique and user-written","All pages must be built classless using our website/src/elements/ — structure via <e-*> elements, styling in public/css/site.css, no inline styles. Follow plan/website-pages.md SEO rules: one intent per URL, distinct copy, no thin keyword-swapped templates."
G32,Todo,High,SEO Pages,SEO page: /compress-images-for-wordpress,"/compress-images-for-wordpress — Compress Images for WordPress — platform. Build classless page using website/src/elements/ (no class=/style= in authored HTML); use e-hero, e-cards, e-stats, e-steps, e-faq, e-table, e-cta, e-content, e-section etc. as needed; unique copy per intent; tool/workflow near top where relevant.",website/public/compress-images-for-wordpress.html; website/src/manifest.ts,B6; C11,"Page authored classless (zero class=/style=, verified by classless-guard test); expands via worker with zero <e- tags; sitemap includes URL; internal links to related convert/resize/guides/windows per internal-linking strategy; title/description unique and user-written","All pages must be built classless using our website/src/elements/ — structure via <e-*> elements, styling in public/css/site.css, no inline styles. Follow plan/website-pages.md SEO rules: one intent per URL, distinct copy, no thin keyword-swapped templates."
G33,Todo,Medium,SEO Pages,SEO page: /compress-images-for-email,"/compress-images-for-email — Compress Images for Email — platform. Build classless page using website/src/elements/ (no class=/style= in authored HTML); use e-hero, e-cards, e-stats, e-steps, e-faq, e-table, e-cta, e-content, e-section etc. as needed; unique copy per intent; tool/workflow near top where relevant.",website/public/compress-images-for-email.html; website/src/manifest.ts,B6; C11,"Page authored classless (zero class=/style=, verified by classless-guard test); expands via worker with zero <e- tags; sitemap includes URL; internal links to related convert/resize/guides/windows per internal-linking strategy; title/description unique and user-written","All pages must be built classless using our website/src/elements/ — structure via <e-*> elements, styling in public/css/site.css, no inline styles. Follow plan/website-pages.md SEO rules: one intent per URL, distinct copy, no thin keyword-swapped templates."
G34,Todo,Medium,SEO Pages,SEO page: /compress-images-for-amazon,"/compress-images-for-amazon — Compress Images for Amazon — platform. Build classless page using website/src/elements/ (no class=/style= in authored HTML); use e-hero, e-cards, e-stats, e-steps, e-faq, e-table, e-cta, e-content, e-section etc. as needed; unique copy per intent; tool/workflow near top where relevant.",website/public/compress-images-for-amazon.html; website/src/manifest.ts,B6; C11,"Page authored classless (zero class=/style=, verified by classless-guard test); expands via worker with zero <e- tags; sitemap includes URL; internal links to related convert/resize/guides/windows per internal-linking strategy; title/description unique and user-written","All pages must be built classless using our website/src/elements/ — structure via <e-*> elements, styling in public/css/site.css, no inline styles. Follow plan/website-pages.md SEO rules: one intent per URL, distinct copy, no thin keyword-swapped templates."
G35,Todo,Low,SEO Pages,SEO page: /compress-images-for-etsy,"/compress-images-for-etsy — Compress Images for Etsy — platform. Build classless page using website/src/elements/ (no class=/style= in authored HTML); use e-hero, e-cards, e-stats, e-steps, e-faq, e-table, e-cta, e-content, e-section etc. as needed; unique copy per intent; tool/workflow near top where relevant.",website/public/compress-images-for-etsy.html; website/src/manifest.ts,B6; C11,"Page authored classless (zero class=/style=, verified by classless-guard test); expands via worker with zero <e- tags; sitemap includes URL; internal links to related convert/resize/guides/windows per internal-linking strategy; title/description unique and user-written","All pages must be built classless using our website/src/elements/ — structure via <e-*> elements, styling in public/css/site.css, no inline styles. Follow plan/website-pages.md SEO rules: one intent per URL, distinct copy, no thin keyword-swapped templates."
G36,Todo,Medium,SEO Pages,SEO page: /compress-images-for-instagram,"/compress-images-for-instagram — Compress Images for Instagram — platform. Build classless page using website/src/elements/ (no class=/style= in authored HTML); use e-hero, e-cards, e-stats, e-steps, e-faq, e-table, e-cta, e-content, e-section etc. as needed; unique copy per intent; tool/workflow near top where relevant.",website/public/compress-images-for-instagram.html; website/src/manifest.ts,B6; C11,"Page authored classless (zero class=/style=, verified by classless-guard test); expands via worker with zero <e- tags; sitemap includes URL; internal links to related convert/resize/guides/windows per internal-linking strategy; title/description unique and user-written","All pages must be built classless using our website/src/elements/ — structure via <e-*> elements, styling in public/css/site.css, no inline styles. Follow plan/website-pages.md SEO rules: one intent per URL, distinct copy, no thin keyword-swapped templates."
G37,Done,High,SEO Pages,SEO page: /offline-image-compressor,"/offline-image-compressor — Offline Image Compressor — privacy/offline. Build classless page using website/src/elements/ (no class=/style= in authored HTML); use e-hero, e-cards, e-stats, e-steps, e-faq, e-table, e-cta, e-content, e-section etc. as needed; unique copy per intent; tool/workflow near top where relevant.",website/public/offline-image-compressor.html; website/src/manifest.ts,B6; C11,"Page authored classless (zero class=/style=, verified by classless-guard test); expands via worker with zero <e- tags; sitemap includes URL; internal links to related convert/resize/guides/windows per internal-linking strategy; title/description unique and user-written","All pages must be built classless using our website/src/elements/ — structure via <e-*> elements, styling in public/css/site.css, no inline styles. Follow plan/website-pages.md SEO rules: one intent per URL, distinct copy, no thin keyword-swapped templates."
G38,Done,High,SEO Pages,SEO page: /image-compressor-without-uploading,"/image-compressor-without-uploading — Image Compressor Without Uploading — privacy. Build classless page using website/src/elements/ (no class=/style= in authored HTML); use e-hero, e-cards, e-stats, e-steps, e-faq, e-table, e-cta, e-content, e-section etc. as needed; unique copy per intent; tool/workflow near top where relevant.",website/public/image-compressor-without-uploading.html; website/src/manifest.ts,B6; C11,"Page authored classless (zero class=/style=, verified by classless-guard test); expands via worker with zero <e- tags; sitemap includes URL; internal links to related convert/resize/guides/windows per internal-linking strategy; title/description unique and user-written","All pages must be built classless using our website/src/elements/ — structure via <e-*> elements, styling in public/css/site.css, no inline styles. Follow plan/website-pages.md SEO rules: one intent per URL, distinct copy, no thin keyword-swapped templates."
G39,Done,High,SEO Pages,SEO page: /private-image-compressor,"/private-image-compressor — Private Image Compressor — privacy. Build classless page using website/src/elements/ (no class=/style= in authored HTML); use e-hero, e-cards, e-stats, e-steps, e-faq, e-table, e-cta, e-content, e-section etc. as needed; unique copy per intent; tool/workflow near top where relevant.",website/public/private-image-compressor.html; website/src/manifest.ts,B6; C11,"Page authored classless (zero class=/style=, verified by classless-guard test); expands via worker with zero <e- tags; sitemap includes URL; internal links to related convert/resize/guides/windows per internal-linking strategy; title/description unique and user-written","All pages must be built classless using our website/src/elements/ — structure via <e-*> elements, styling in public/css/site.css, no inline styles. Follow plan/website-pages.md SEO rules: one intent per URL, distinct copy, no thin keyword-swapped templates."
G40,Done,High,SEO Pages,SEO page: /image-compressor-for-windows,"/image-compressor-for-windows — Image Compressor for Windows — Windows. Build classless page using website/src/elements/ (no class=/style= in authored HTML); use e-hero, e-cards, e-stats, e-steps, e-faq, e-table, e-cta, e-content, e-section etc. as needed; unique copy per intent; tool/workflow near top where relevant.",website/public/image-compressor-for-windows.html; website/src/manifest.ts,B6; C11,"Page authored classless (zero class=/style=, verified by classless-guard test); expands via worker with zero <e- tags; sitemap includes URL; internal links to related convert/resize/guides/windows per internal-linking strategy; title/description unique and user-written","All pages must be built classless using our website/src/elements/ — structure via <e-*> elements, styling in public/css/site.css, no inline styles. Follow plan/website-pages.md SEO rules: one intent per URL, distinct copy, no thin keyword-swapped templates."
G41,Done,High,SEO Pages,SEO page: /windows-image-compressor,"/windows-image-compressor — Windows Image Compressor — Windows. Build classless page using website/src/elements/ (no class=/style= in authored HTML); use e-hero, e-cards, e-stats, e-steps, e-faq, e-table, e-cta, e-content, e-section etc. as needed; unique copy per intent; tool/workflow near top where relevant.",website/public/windows-image-compressor.html; website/src/manifest.ts,B6; C11,"Page authored classless (zero class=/style=, verified by classless-guard test); expands via worker with zero <e- tags; sitemap includes URL; internal links to related convert/resize/guides/windows per internal-linking strategy; title/description unique and user-written","All pages must be built classless using our website/src/elements/ — structure via <e-*> elements, styling in public/css/site.css, no inline styles. Follow plan/website-pages.md SEO rules: one intent per URL, distinct copy, no thin keyword-swapped templates."
G42,Todo,Medium,SEO Pages,SEO page: /batch-image-compressor-windows,"/batch-image-compressor-windows — Batch Image Compressor Windows — Windows. Build classless page using website/src/elements/ (no class=/style= in authored HTML); use e-hero, e-cards, e-stats, e-steps, e-faq, e-table, e-cta, e-content, e-section etc. as needed; unique copy per intent; tool/workflow near top where relevant.",website/public/batch-image-compressor-windows.html; website/src/manifest.ts,B6; C11,"Page authored classless (zero class=/style=, verified by classless-guard test); expands via worker with zero <e- tags; sitemap includes URL; internal links to related convert/resize/guides/windows per internal-linking strategy; title/description unique and user-written","All pages must be built classless using our website/src/elements/ — structure via <e-*> elements, styling in public/css/site.css, no inline styles. Follow plan/website-pages.md SEO rules: one intent per URL, distinct copy, no thin keyword-swapped templates."
G43,Done,High,SEO Pages,SEO page: /download,"/download — Download — Windows acquisition. Build classless page using website/src/elements/ (no class=/style= in authored HTML); use e-hero, e-cards, e-stats, e-steps, e-faq, e-table, e-cta, e-content, e-section etc. as needed; unique copy per intent; tool/workflow near top where relevant.",website/worker/app.ts (GET /download 302) + website/public/downloads.html; website/src/manifest.ts,B6; C11,"Page authored classless (zero class=/style=, verified by classless-guard test); expands via worker with zero <e- tags; sitemap includes URL; internal links to related convert/resize/guides/windows per internal-linking strategy; title/description unique and user-written","All pages must be built classless using our website/src/elements/ — structure via <e-*> elements, styling in public/css/site.css, no inline styles. Follow plan/website-pages.md SEO rules: one intent per URL, distinct copy, no thin keyword-swapped templates. Already implemented as GET /download 302 (worker) + public/downloads.html — task tracks SEO copy/CTA refinement."
G44,Todo,Medium,SEO Pages,SEO page: /guides/how-to-compress-an-image,"/guides/how-to-compress-an-image — Guide: How to Compress an Image — educational. Build classless page using website/src/elements/ (no class=/style= in authored HTML); use e-hero, e-cards, e-stats, e-steps, e-faq, e-table, e-cta, e-content, e-section etc. as needed; unique copy per intent; tool/workflow near top where relevant.",website/public/guides/how-to-compress-an-image.html; website/src/manifest.ts (add slug),B6; C11,"Page authored classless (zero class=/style=, verified by classless-guard test); expands via worker with zero <e- tags; sitemap includes URL; internal links to related convert/resize/guides/windows per internal-linking strategy; title/description unique and user-written","All pages must be built classless using our website/src/elements/ — structure via <e-*> elements, styling in public/css/site.css, no inline styles. Follow plan/website-pages.md SEO rules: one intent per URL, distinct copy, no thin keyword-swapped templates."
G45,Todo,Medium,SEO Pages,SEO page: /guides/how-to-reduce-image-file-size,"/guides/how-to-reduce-image-file-size — Guide: How to Reduce Image File Size — educational. Build classless page using website/src/elements/ (no class=/style= in authored HTML); use e-hero, e-cards, e-stats, e-steps, e-faq, e-table, e-cta, e-content, e-section etc. as needed; unique copy per intent; tool/workflow near top where relevant.",website/public/guides/how-to-reduce-image-file-size.html; website/src/manifest.ts (add slug),B6; C11,"Page authored classless (zero class=/style=, verified by classless-guard test); expands via worker with zero <e- tags; sitemap includes URL; internal links to related convert/resize/guides/windows per internal-linking strategy; title/description unique and user-written","All pages must be built classless using our website/src/elements/ — structure via <e-*> elements, styling in public/css/site.css, no inline styles. Follow plan/website-pages.md SEO rules: one intent per URL, distinct copy, no thin keyword-swapped templates."
G46,Todo,Medium,SEO Pages,SEO page: /guides/how-to-compress-images-without-losing-quality,"/guides/how-to-compress-images-without-losing-quality — Guide: How to Compress Images Without Losing Quality. Build classless page using website/src/elements/ (no class=/style= in authored HTML); use e-hero, e-cards, e-stats, e-steps, e-faq, e-table, e-cta, e-content, e-section etc. as needed; unique copy per intent; tool/workflow near top where relevant.",website/public/guides/how-to-compress-images-without-losing-quality.html; website/src/manifest.ts (add slug),B6; C11,"Page authored classless (zero class=/style=, verified by classless-guard test); expands via worker with zero <e- tags; sitemap includes URL; internal links to related convert/resize/guides/windows per internal-linking strategy; title/description unique and user-written","All pages must be built classless using our website/src/elements/ — structure via <e-*> elements, styling in public/css/site.css, no inline styles. Follow plan/website-pages.md SEO rules: one intent per URL, distinct copy, no thin keyword-swapped templates."
G47,Todo,Medium,SEO Pages,SEO page: /guides/jpeg-vs-webp,"/guides/jpeg-vs-webp — Guide: JPEG vs WebP — format comparison. Build classless page using website/src/elements/ (no class=/style= in authored HTML); use e-hero, e-cards, e-stats, e-steps, e-faq, e-table, e-cta, e-content, e-section etc. as needed; unique copy per intent; tool/workflow near top where relevant.",website/public/guides/jpeg-vs-webp.html; website/src/manifest.ts (add slug),B6; C11,"Page authored classless (zero class=/style=, verified by classless-guard test); expands via worker with zero <e- tags; sitemap includes URL; internal links to related convert/resize/guides/windows per internal-linking strategy; title/description unique and user-written","All pages must be built classless using our website/src/elements/ — structure via <e-*> elements, styling in public/css/site.css, no inline styles. Follow plan/website-pages.md SEO rules: one intent per URL, distinct copy, no thin keyword-swapped templates."
G48,Todo,Medium,SEO Pages,SEO page: /guides/png-vs-webp,"/guides/png-vs-webp — Guide: PNG vs WebP — format comparison. Build classless page using website/src/elements/ (no class=/style= in authored HTML); use e-hero, e-cards, e-stats, e-steps, e-faq, e-table, e-cta, e-content, e-section etc. as needed; unique copy per intent; tool/workflow near top where relevant.",website/public/guides/png-vs-webp.html; website/src/manifest.ts (add slug),B6; C11,"Page authored classless (zero class=/style=, verified by classless-guard test); expands via worker with zero <e- tags; sitemap includes URL; internal links to related convert/resize/guides/windows per internal-linking strategy; title/description unique and user-written","All pages must be built classless using our website/src/elements/ — structure via <e-*> elements, styling in public/css/site.css, no inline styles. Follow plan/website-pages.md SEO rules: one intent per URL, distinct copy, no thin keyword-swapped templates."
G49,Todo,Medium,SEO Pages,SEO page: /guides/webp-vs-avif,"/guides/webp-vs-avif — Guide: WebP vs AVIF — format comparison. Build classless page using website/src/elements/ (no class=/style= in authored HTML); use e-hero, e-cards, e-stats, e-steps, e-faq, e-table, e-cta, e-content, e-section etc. as needed; unique copy per intent; tool/workflow near top where relevant.",website/public/guides/webp-vs-avif.html; website/src/manifest.ts (add slug),B6; C11,"Page authored classless (zero class=/style=, verified by classless-guard test); expands via worker with zero <e- tags; sitemap includes URL; internal links to related convert/resize/guides/windows per internal-linking strategy; title/description unique and user-written","All pages must be built classless using our website/src/elements/ — structure via <e-*> elements, styling in public/css/site.css, no inline styles. Follow plan/website-pages.md SEO rules: one intent per URL, distinct copy, no thin keyword-swapped templates."
G50,Todo,Medium,SEO Pages,SEO page: /guides/image-optimization-for-websites,"/guides/image-optimization-for-websites — Guide: Image Optimization for Websites — web perf. Build classless page using website/src/elements/ (no class=/style= in authored HTML); use e-hero, e-cards, e-stats, e-steps, e-faq, e-table, e-cta, e-content, e-section etc. as needed; unique copy per intent; tool/workflow near top where relevant.",website/public/guides/image-optimization-for-websites.html; website/src/manifest.ts (add slug),B6; C11,"Page authored classless (zero class=/style=, verified by classless-guard test); expands via worker with zero <e- tags; sitemap includes URL; internal links to related convert/resize/guides/windows per internal-linking strategy; title/description unique and user-written","All pages must be built classless using our website/src/elements/ — structure via <e-*> elements, styling in public/css/site.css, no inline styles. Follow plan/website-pages.md SEO rules: one intent per URL, distinct copy, no thin keyword-swapped templates."
H01,Done,High,Benchmark,Wikimedia fetch script (JPG/PNG variety),"Create website/scripts/fetch-test-images.ts (Bun/Deno runnable) that recurses Wikimedia Category:Images via BFS (cmtype=subcat|file, visited set, breadth-first over 23 subcats; pagination via cmcontinue), filters to .jpg/.jpeg/.png (case-insensitive), resolves each File: page to imageinfo url (prop=imageinfo&iiprop=url|size|mime), and downloads ~1000 diverse images to website/public/test-images/ with concurrency, resume, dedupe, and mime/extension validation. Support --count, --out, --concurrency, --category flags and progress logging. Handle API rate limits and retries. Verified: direct cmtype=file on Category:Images yields ~1 file (categoryinfo size 24 = 1 file +23 subcats), so recursion is required.",website/scripts/fetch-test-images.ts; website/public/test-images/.gitkeep,B6,Script runs with `bun website/scripts/fetch-test-images.ts --count 1000` and populates website/public/test-images/ with ~1000 JPG/PNG files via BFS recursion over subcategories (not just direct files); no class/style in script output; handles cmcontinue and visited set; skips non-JPG/PNG and failed downloads,"Use commons.wikimedia.org API, not scraping HTML; respect maxlag & retry-after; store original filenames sanitized"
H02,Done,High,Benchmark,Download & curate 1000 test images,"Run fetch script to materialize website/public/test-images/ with ~1000 JPG and PNG files via BFS recursion of Category:Images subcategories (covering different types: photos, portraits, landscapes, illustrations, diagrams, screenshots). Organize by subfolder jpg/ and png/ or flat with preserved extensions. Ensure .gitignore allows test-images but not large binaries in repo (add to website/.gitignore if needed). Verify file count, total size, and mime via image-header check. Direct file enumeration without recursion is insufficient (verified 1 file).",website/public/test-images/**; website/.gitignore,H01,"1002/1000 (457 JPG/JPEG, 545 PNG) via BFS 23 subcats + PNG-first 400 + 5MB cap, 1.6G, 1003 files, verified headers, throttled 3 + 300ms",Keep originals unmodified for benchmark baseline; do not commit large binaries
H03,Done,High,Benchmark,"Benchmark runner (desktop-app integration, varied settings)","Create website/scripts/benchmark.ts that imports desktop-app/compressor.ts + settings.ts + vips handling to compress the test-images set with a matrix of settings: quality 75/85/90, mode balanced/fast/maximum, format keep/webp/avif, resizeOn false/true. For each config, call compressFiles() with threads=4, collect CompressResult (before/after, per-file FileResult), and compute aggregates. Output intermediate JSON per run. Reuse desktop-app types and image-header validation.",website/scripts/benchmark.ts; desktop-app/compressor.ts; desktop-app/types.ts,H02,"Paused per user request — will re-run deno run -A --config desktop-app/deno.json website/scripts/benchmark.ts (real vips, clean 1002) when ready; previous 1002 polluted run cleaned (1273 compressed files removed, 1.6G clean)",Leverage existing desktop-app batch logic; do not duplicate vips invocation
H04,Done,High,Benchmark,Generate stats.json for website data consumers,"Aggregate benchmark results into website/public/data/stats.json (detailed stats: summary {totalFiles, totalBefore, totalAfter, avgSaving, peakSaving}, byFormat {jpg, png}, byQuality {75,85,90}, byMode {balanced, fast, maximum}, byOutputFormat {keep, webp, avif}, and sample fileResults). Ensure JSON is part of KV cache revision (via site.config data loading) and is consumable by other pages (e.g., benchmarks.html, index, tool pages) via ctx.data.stats.",website/public/data/stats.json; website/src/site.config.json (add data:stats); website/src/elements/index.ts (optional e-stats consumer),H03,"stats.json now 1002 files (from 3-test limited run 456+545) with byFormat from _fullFiles, totalBeforeSuccess, heifsave fix; verified 14K",Detailed stats enable reuse on other pages without re-running benchmarks
H05,Done,High,Benchmark,"Build benchmarks.html (classless, element-driven, real results)","Author website/public/benchmarks.html classless (zero class=/style=) using website/src/elements/ (e-hero, e-stats bento/row, e-table savings/matrix, e-progress-line, e-bento, e-faq) to present real benchmark results from stats.json (overall savings, per-format, per-quality, per-mode, before→after table). Include methodology note, test-images provenance (Wikimedia Category:Images), and links to related tool pages. Add slug to manifest for sitemap.",website/public/benchmarks.html; website/src/manifest.ts; website/src/site.config.json,H04,"benchmarks.html classless 8030B, 0 unknown, sitemap 20 URLs, verified",Page is the human-readable counterpart to stats.json; keep copy distinct per SEO rules
H06,Todo,Medium,Benchmark,Verify & wire stats reuse,"Ensure other pages can consume stats.json via ExpandContext.data (e.g., index hero proof, tool pages stats strip). Add spot checks that stats.json values appear on at least one existing page via e-stats. Run bun test and wrangler smoke for /benchmarks/.",website/public/compress-image.html; website/src/elements/index.ts; website/test/elements.test.ts,H04; H05,At least one existing page reads from stats.json and renders a stat value; bun test green; wrangler dev serves /benchmarks/ correctly,Completes the loop: benchmark data is not siloed to benchmarks.html
